{
  "best_metric": 0.6363636363636364,
  "best_model_checkpoint": "./results/<adapters.configuration.adapter_config.MAMConfig object at 0x343d33200>/nickmuchi-sec-bert-finetuned-finance-classification/checkpoint-138",
  "epoch": 2.0,
  "eval_steps": 500,
  "global_step": 138,
  "is_hyper_param_search": false,
  "is_local_process_zero": true,
  "is_world_process_zero": true,
  "log_history": [
    {
      "epoch": 1.0,
      "eval_accuracy": 0.6303030303030303,
      "eval_f1": 0.5456186136239684,
      "eval_loss": 0.6573124527931213,
      "eval_precision": 0.6805729358360938,
      "eval_recall": 0.6303030303030303,
      "eval_runtime": 4.7447,
      "eval_samples_per_second": 34.776,
      "eval_steps_per_second": 2.318,
      "step": 69
    },
    {
      "epoch": 2.0,
      "eval_accuracy": 0.6363636363636364,
      "eval_f1": 0.5956432729831745,
      "eval_loss": 0.6421573162078857,
      "eval_precision": 0.6355106621773289,
      "eval_recall": 0.6363636363636364,
      "eval_runtime": 4.7463,
      "eval_samples_per_second": 34.764,
      "eval_steps_per_second": 2.318,
      "step": 138
    }
  ],
  "logging_steps": 200,
  "max_steps": 345,
  "num_input_tokens_seen": 0,
  "num_train_epochs": 5,
  "save_steps": 500,
  "total_flos": 732710011877376.0,
  "train_batch_size": 16,
  "trial_name": null,
  "trial_params": null
}
