{
  "best_metric": 0.6242424242424243,
  "best_model_checkpoint": "./results/RashidNLP-Finance-Sentiment-Classification/checkpoint-69",
  "epoch": 3.0,
  "eval_steps": 500,
  "global_step": 207,
  "is_hyper_param_search": false,
  "is_local_process_zero": true,
  "is_world_process_zero": true,
  "log_history": [
    {
      "epoch": 1.0,
      "eval_accuracy": 0.6242424242424243,
      "eval_f1": 0.5780756280756281,
      "eval_loss": 0.6798421144485474,
      "eval_precision": 0.6192498499067842,
      "eval_recall": 0.6242424242424243,
      "eval_runtime": 9.6855,
      "eval_samples_per_second": 17.036,
      "eval_steps_per_second": 1.136,
      "step": 69
    },
    {
      "epoch": 2.0,
      "eval_accuracy": 0.5515151515151515,
      "eval_f1": 0.47367893814174805,
      "eval_loss": 0.6636624932289124,
      "eval_precision": 0.48480668756530826,
      "eval_recall": 0.5515151515151515,
      "eval_runtime": 9.7009,
      "eval_samples_per_second": 17.009,
      "eval_steps_per_second": 1.134,
      "step": 138
    },
    {
      "epoch": 2.9,
      "grad_norm": 3.0618808269500732,
      "learning_rate": 4.202898550724638e-05,
      "loss": 0.9861,
      "step": 200
    },
    {
      "epoch": 3.0,
      "eval_accuracy": 0.6242424242424243,
      "eval_f1": 0.6242424242424243,
      "eval_loss": 0.6718334555625916,
      "eval_precision": 0.6242424242424243,
      "eval_recall": 0.6242424242424243,
      "eval_runtime": 9.9836,
      "eval_samples_per_second": 16.527,
      "eval_steps_per_second": 1.102,
      "step": 207
    }
  ],
  "logging_steps": 200,
  "max_steps": 345,
  "num_input_tokens_seen": 0,
  "num_train_epochs": 5,
  "save_steps": 500,
  "total_flos": 873655766701056.0,
  "train_batch_size": 16,
  "trial_name": null,
  "trial_params": null
}
