{
  "best_metric": 0.5878787878787879,
  "best_model_checkpoint": "./results/nickmuchi-deberta-v3-base-finetuned-finance-text-classification/checkpoint-69",
  "epoch": 2.0,
  "eval_steps": 500,
  "global_step": 138,
  "is_hyper_param_search": false,
  "is_local_process_zero": true,
  "is_world_process_zero": true,
  "log_history": [
    {
      "epoch": 1.0,
      "eval_accuracy": 0.5878787878787879,
      "eval_f1": 0.4352995604904002,
      "eval_loss": 0.6717809438705444,
      "eval_precision": 0.34560146923783286,
      "eval_recall": 0.5878787878787879,
      "eval_runtime": 9.6272,
      "eval_samples_per_second": 17.139,
      "eval_steps_per_second": 1.143,
      "step": 69
    },
    {
      "epoch": 2.0,
      "eval_accuracy": 0.5696969696969697,
      "eval_f1": 0.5623083518107909,
      "eval_loss": 0.672306478023529,
      "eval_precision": 0.5599178923740328,
      "eval_recall": 0.5696969696969697,
      "eval_runtime": 9.3472,
      "eval_samples_per_second": 17.652,
      "eval_steps_per_second": 1.177,
      "step": 138
    }
  ],
  "logging_steps": 200,
  "max_steps": 345,
  "num_input_tokens_seen": 0,
  "num_train_epochs": 5,
  "save_steps": 500,
  "total_flos": 582437177800704.0,
  "train_batch_size": 16,
  "trial_name": null,
  "trial_params": null
}
