{
  "best_metric": 0.5333333333333333,
  "best_model_checkpoint": "./results/<adapters.configuration.adapter_config.MAMConfig object at 0x344f4f530>/nickmuchi-sec-bert-finetuned-finance-classification/checkpoint-69",
  "epoch": 2.0,
  "eval_steps": 500,
  "global_step": 138,
  "is_hyper_param_search": false,
  "is_local_process_zero": true,
  "is_world_process_zero": true,
  "log_history": [
    {
      "epoch": 1.0,
      "eval_accuracy": 0.5333333333333333,
      "eval_f1": 0.41796695076235146,
      "eval_loss": 0.7035601139068604,
      "eval_precision": 0.36957890594254234,
      "eval_recall": 0.5333333333333333,
      "eval_runtime": 4.7587,
      "eval_samples_per_second": 34.673,
      "eval_steps_per_second": 2.312,
      "step": 69
    },
    {
      "epoch": 2.0,
      "eval_accuracy": 0.48484848484848486,
      "eval_f1": 0.4084470563343803,
      "eval_loss": 0.7002677321434021,
      "eval_precision": 0.6522048066875654,
      "eval_recall": 0.48484848484848486,
      "eval_runtime": 4.7547,
      "eval_samples_per_second": 34.703,
      "eval_steps_per_second": 2.314,
      "step": 138
    }
  ],
  "logging_steps": 200,
  "max_steps": 345,
  "num_input_tokens_seen": 0,
  "num_train_epochs": 5,
  "save_steps": 500,
  "total_flos": 732710011877376.0,
  "train_batch_size": 16,
  "trial_name": null,
  "trial_params": null
}
