{
  "best_metric": 0.6242424242424243,
  "best_model_checkpoint": "./results/<adapters.configuration.adapter_config.ConfigUnion object at 0x345900800>/yiyanghkust-finbert-tone/checkpoint-69",
  "epoch": 3.0,
  "eval_steps": 500,
  "global_step": 207,
  "is_hyper_param_search": false,
  "is_local_process_zero": true,
  "is_world_process_zero": true,
  "log_history": [
    {
      "epoch": 1.0,
      "eval_accuracy": 0.6242424242424243,
      "eval_f1": 0.5896331738437002,
      "eval_loss": 0.8249672651290894,
      "eval_precision": 0.6148970622253065,
      "eval_recall": 0.6242424242424243,
      "eval_runtime": 5.279,
      "eval_samples_per_second": 31.256,
      "eval_steps_per_second": 2.084,
      "step": 69
    },
    {
      "epoch": 2.0,
      "eval_accuracy": 0.5636363636363636,
      "eval_f1": 0.5663734115347019,
      "eval_loss": 0.7268485426902771,
      "eval_precision": 0.5717219504327724,
      "eval_recall": 0.5636363636363636,
      "eval_runtime": 4.9042,
      "eval_samples_per_second": 33.645,
      "eval_steps_per_second": 2.243,
      "step": 138
    },
    {
      "epoch": 2.9,
      "grad_norm": 4.322442054748535,
      "learning_rate": 4.202898550724638e-05,
      "loss": 1.1848,
      "step": 200
    },
    {
      "epoch": 3.0,
      "eval_accuracy": 0.5393939393939394,
      "eval_f1": 0.5388863658625634,
      "eval_loss": 0.6892988085746765,
      "eval_precision": 0.5753089838377685,
      "eval_recall": 0.5393939393939394,
      "eval_runtime": 4.851,
      "eval_samples_per_second": 34.014,
      "eval_steps_per_second": 2.268,
      "step": 207
    }
  ],
  "logging_steps": 200,
  "max_steps": 345,
  "num_input_tokens_seen": 0,
  "num_train_epochs": 5,
  "save_steps": 500,
  "total_flos": 983229495874560.0,
  "train_batch_size": 16,
  "trial_name": null,
  "trial_params": null
}
